DATE,SERIES,OPEN,HIGH,LOW,PREV. CLOSE,LTP,CLOSE,VWAP,52W H,52W L,VOLUME,VALUE,NO. OF  TRADES
15-Jul-2026,EQ,"3,195.00","3,199.90","3,142.30","3,188.90","3,157.90","3,150.60","3,166.82","3,245.00","1,753.00","10,35,101","3,27,79,79,939.80","39,531"
14-Jul-2026,EQ,"3,169.90","3,219.70","3,145.00","3,177.50","3,177.00","3,188.90","3,185.53","3,245.00","1,753.00","19,32,879","6,15,72,43,684.40","75,272"
13-Jul-2026,EQ,"3,127.30","3,195.00","3,115.20","3,157.30","3,174.70","3,177.50","3,173.02","3,245.00","1,753.00","15,99,810","5,07,62,22,521.80","62,291"
10-Jul-2026,EQ,"3,105.00","3,183.00","3,100.00","3,083.60","3,157.80","3,157.30","3,157.88","3,245.00","1,753.00","21,45,335","6,77,47,08,766.20","66,639"
09-Jul-2026,EQ,"3,060.00","3,105.00","3,026.80","3,046.90","3,077.80","3,083.60","3,071.42","3,245.00","1,753.00","26,09,306","8,01,42,85,016.10","86,815"
08-Jul-2026,EQ,"3,105.00","3,146.90","3,028.00","3,107.20","3,055.00","3,046.90","3,082.14","3,245.00","1,753.00","23,21,035","7,15,37,44,912.40","70,237"
07-Jul-2026,EQ,"3,209.90","3,215.20","3,096.50","3,206.60","3,109.90","3,107.20","3,147.47","3,245.00","1,753.00","20,93,552","6,58,93,88,134.40","74,092"
06-Jul-2026,EQ,"3,230.00","3,245.00","3,187.70","3,212.10","3,205.50","3,206.60","3,213.99","3,245.00","1,753.00","19,78,869","6,36,00,68,518.10","72,395"
03-Jul-2026,EQ,"3,192.00","3,224.00","3,105.50","3,177.50","3,209.90","3,212.10","3,174.59","3,229.60","1,753.00","28,48,623","9,04,32,09,659.40","1,03,302"
02-Jul-2026,EQ,"3,155.90","3,229.60","3,147.00","3,143.60","3,165.00","3,177.50","3,178.32","3,229.60","1,753.00","34,00,034","10,80,63,80,788.30","1,25,495"
01-Jul-2026,EQ,"3,041.00","3,149.80","3,012.80","3,036.00","3,143.00","3,143.60","3,112.40","3,149.80","1,753.00","34,15,655","10,63,08,91,179.70","1,07,300"
30-Jun-2026,EQ,"2,980.00","3,054.60","2,969.00","2,962.50","3,040.00","3,036.00","3,017.28","3,105.00","1,753.00","20,99,291","6,33,41,59,095.00","64,972"
29-Jun-2026,EQ,"3,020.00","3,020.00","2,955.00","3,038.00","2,970.00","2,962.50","2,972.81","3,105.00","1,753.00","16,93,354","5,03,40,23,392.70","66,890"
25-Jun-2026,EQ,"3,086.00","3,105.00","3,027.70","3,069.70","3,040.30","3,038.00","3,067.40","3,105.00","1,753.00","17,19,600","5,27,46,94,922.60","77,905"
24-Jun-2026,EQ,"2,988.30","3,077.80","2,971.00","2,962.90","3,068.00","3,069.70","3,031.87","3,091.70","1,753.00","25,27,812","7,66,40,06,181.30","96,795"
23-Jun-2026,EQ,"3,072.00","3,091.70","2,943.50","3,059.60","2,964.60","2,962.90","3,009.36","3,091.70","1,753.00","16,20,658","4,87,71,39,182.30","68,733"
22-Jun-2026,EQ,"3,040.00","3,065.00","3,001.00","3,038.40","3,060.00","3,059.60","3,037.74","3,065.00","1,753.00","17,26,452","5,24,45,14,124.10","57,462"
19-Jun-2026,EQ,"3,017.00","3,051.90","3,009.10","3,013.40","3,030.00","3,038.40","3,034.70","3,059.80","1,753.00","36,20,222","10,98,62,83,617.00","91,842"
18-Jun-2026,EQ,"2,952.00","3,041.00","2,938.00","2,951.90","3,032.00","3,013.40","2,977.29","3,059.80","1,753.00","17,74,394","5,28,28,80,314.10","57,576"
17-Jun-2026,EQ,"2,958.00","2,974.50","2,934.60","2,943.60","2,948.90","2,951.90","2,951.39","3,059.80","1,753.00","12,44,567","3,67,32,07,810.40","43,394"
16-Jun-2026,EQ,"2,971.40","2,997.70","2,928.30","2,942.50","2,943.80","2,943.60","2,962.58","3,059.80","1,753.00","18,51,843","5,48,62,27,434.10","64,897"
15-Jun-2026,EQ,"2,960.00","2,983.00","2,935.00","2,921.60","2,938.00","2,942.50","2,957.07","3,059.80","1,753.00","11,74,229","3,47,22,72,970.90","53,168"
12-Jun-2026,EQ,"2,958.80","2,971.90","2,886.20","2,908.80","2,935.00","2,921.60","2,919.48","3,059.80","1,753.00","23,21,009","6,77,61,47,399.80","76,427"
11-Jun-2026,EQ,"2,895.10","2,966.80","2,895.10","2,931.10","2,913.40","2,908.80","2,935.35","3,059.80","1,753.00","12,04,115","3,53,44,97,029.60","51,934"
10-Jun-2026,EQ,"2,977.00","2,994.90","2,918.00","2,979.90","2,940.00","2,931.10","2,964.15","3,059.80","1,753.00","14,75,029","4,37,22,02,997.20","57,005"
09-Jun-2026,EQ,"2,985.90","2,998.70","2,935.90","2,970.00","2,973.60","2,979.90","2,975.24","3,059.80","1,753.00","18,41,620","5,47,92,56,628.70","69,459"
08-Jun-2026,EQ,"3,017.70","3,039.80","2,955.10","3,048.20","2,960.20","2,970.00","3,004.97","3,059.80","1,753.00","16,53,499","4,96,87,09,754.70","61,785"
05-Jun-2026,EQ,"2,992.00","3,059.80","2,921.80","2,972.80","3,043.00","3,048.20","3,015.26","3,059.80","1,753.00","56,17,327","16,93,77,06,264.00","1,60,264"
04-Jun-2026,EQ,"2,920.00","2,983.00","2,918.10","2,925.60","2,977.90","2,972.80","2,962.79","3,027.50","1,753.00","17,22,991","5,10,48,60,412.80","81,942"
03-Jun-2026,EQ,"2,960.00","2,965.00","2,888.10","2,968.10","2,929.00","2,925.60","2,922.19","3,027.50","1,753.00","13,46,112","3,93,35,97,043.10","61,748"
02-Jun-2026,EQ,"2,885.00","2,975.00","2,865.20","2,909.40","2,972.00","2,968.10","2,918.50","3,027.50","1,753.00","20,66,890","6,03,22,20,472.10","94,022"
01-Jun-2026,EQ,"2,949.90","2,955.70","2,891.10","2,937.40","2,908.00","2,909.40","2,916.39","3,027.50","1,753.00","16,29,342","4,75,18,00,466.00","63,188"
29-May-2026,EQ,"2,987.80","2,995.00","2,926.80","2,973.10","2,940.00","2,937.40","2,946.03","3,027.50","1,753.00","40,40,865","11,90,45,18,687.50","1,02,996"
27-May-2026,EQ,"2,982.00","3,027.50","2,944.00","2,969.30","2,972.80","2,973.10","2,978.58","3,027.50","1,753.00","38,26,916","11,39,87,80,340.80","1,09,903"
26-May-2026,EQ,"2,846.00","2,979.40","2,825.00","2,849.70","2,973.00","2,969.30","2,920.76","2,979.40","1,753.00","48,99,494","14,31,02,55,450.50","1,47,603"
25-May-2026,EQ,"2,739.80","2,858.80","2,739.30","2,717.30","2,847.00","2,849.70","2,816.47","2,858.80","1,753.00","32,77,924","9,23,21,60,983.80","1,23,831"
22-May-2026,EQ,"2,710.20","2,745.00","2,706.10","2,697.60","2,719.10","2,717.30","2,724.58","2,803.10","1,753.00","10,94,843","2,98,29,87,107.30","45,849"
21-May-2026,EQ,"2,727.90","2,770.00","2,684.00","2,704.80","2,690.00","2,697.60","2,727.69","2,803.10","1,753.00","16,06,690","4,38,25,53,937.90","60,673"
20-May-2026,EQ,"2,715.00","2,720.00","2,685.10","2,725.00","2,705.50","2,704.80","2,700.43","2,803.10","1,753.00","11,87,449","3,20,66,20,252.20","48,389"
19-May-2026,EQ,"2,734.70","2,774.50","2,697.00","2,689.80","2,712.70","2,725.00","2,740.14","2,803.10","1,753.00","42,04,144","11,51,99,41,533.00","1,15,540"
18-May-2026,EQ,"2,700.00","2,710.00","2,647.50","2,716.00","2,686.70","2,689.80","2,680.17","2,803.10","1,753.00","20,33,884","5,45,11,54,415.60","84,780"
15-May-2026,EQ,"2,781.10","2,803.10","2,661.00","2,712.90","2,718.00","2,716.00","2,736.77","2,803.10","1,753.00","67,42,083","18,45,15,22,987.10","2,12,829"
14-May-2026,EQ,"2,530.10","2,720.00","2,530.00","2,498.00","2,719.00","2,712.90","2,646.22","2,720.00","1,753.00","95,39,233","25,24,28,76,494.80","2,75,483"
13-May-2026,EQ,"2,401.10","2,530.00","2,401.10","2,405.20","2,503.00","2,498.00","2,478.80","2,695.00","1,753.00","20,36,291","5,04,75,56,801.10","73,475"
12-May-2026,EQ,"2,487.70","2,511.70","2,400.10","2,500.20","2,401.10","2,405.20","2,438.90","2,695.00","1,753.00","14,59,022","3,55,84,06,971.60","84,072"
11-May-2026,EQ,"2,495.00","2,514.00","2,460.00","2,505.90","2,501.00","2,500.20","2,488.24","2,695.00","1,753.00","12,79,432","3,18,35,34,314.20","52,568"
08-May-2026,EQ,"2,519.00","2,546.10","2,500.00","2,513.70","2,502.00","2,505.90","2,521.01","2,695.00","1,753.00","14,99,613","3,78,05,32,778.00","50,320"
07-May-2026,EQ,"2,540.30","2,549.90","2,506.20","2,540.30","2,520.00","2,513.70","2,526.68","2,695.00","1,753.00","10,98,088","2,77,45,21,729.90","41,967"
06-May-2026,EQ,"2,475.50","2,546.50","2,472.20","2,462.00","2,540.50","2,540.30","2,513.58","2,695.00","1,753.00","31,69,133","7,96,58,65,058.10","98,324"
05-May-2026,EQ,"2,470.00","2,511.90","2,450.00","2,485.70","2,462.00","2,462.00","2,479.69","2,695.00","1,753.00","16,22,580","4,02,34,90,838.70","62,556"
04-May-2026,EQ,"2,390.40","2,515.00","2,375.00","2,408.40","2,473.00","2,485.70","2,465.73","2,695.00","1,753.00","60,39,537","14,89,18,49,628.40","1,62,128"
30-Apr-2026,EQ,"2,394.90","2,420.00","2,328.80","2,425.90","2,410.50","2,408.40","2,384.26","2,695.00","1,753.00","35,38,354","8,43,63,69,744.70","91,584"
29-Apr-2026,EQ,"2,427.60","2,443.80","2,388.00","2,412.40","2,415.00","2,425.90","2,424.36","2,695.00","1,753.00","46,56,967","11,29,01,60,791.40","1,01,622"
28-Apr-2026,EQ,"2,321.80","2,420.00","2,320.90","2,321.80","2,415.00","2,412.40","2,389.35","2,695.00","1,753.00","43,75,556","10,45,47,32,211.30","1,36,245"
27-Apr-2026,EQ,"2,300.20","2,337.00","2,286.00","2,287.60","2,322.30","2,321.80","2,317.68","2,695.00","1,753.00","15,00,864","3,47,85,15,986.60","59,958"
24-Apr-2026,EQ,"2,310.20","2,321.40","2,227.00","2,300.00","2,282.00","2,287.60","2,271.23","2,695.00","1,753.00","22,71,317","5,15,86,77,471.80","72,842"
23-Apr-2026,EQ,"2,243.50","2,333.90","2,221.80","2,260.80","2,301.00","2,300.00","2,284.37","2,695.00","1,753.00","29,48,009","6,73,43,45,978.20","94,840"
22-Apr-2026,EQ,"2,229.00","2,278.60","2,224.10","2,226.00","2,258.00","2,260.80","2,248.52","2,695.00","1,753.00","35,17,237","7,90,85,72,669.00","88,875"
21-Apr-2026,EQ,"2,229.70","2,255.00","2,220.00","2,229.60","2,230.00","2,226.00","2,234.92","2,695.00","1,753.00","18,18,221","4,06,35,82,208.90","45,092"
20-Apr-2026,EQ,"2,218.30","2,280.10","2,202.20","2,218.30","2,225.60","2,229.60","2,241.76","2,695.00","1,753.00","17,95,338","4,02,47,10,308.50","66,823"
17-Apr-2026,EQ,"2,240.00","2,240.00","2,186.10","2,203.70","2,224.00","2,218.30","2,206.15","2,695.00","1,753.00","24,08,901","5,31,43,91,352.90","66,884"
16-Apr-2026,EQ,"2,170.00","2,210.40","2,161.10","2,144.40","2,210.00","2,203.70","2,183.39","2,695.00","1,753.00","21,88,912","4,77,92,55,813.90","67,177"
15-Apr-2026,EQ,"2,187.00","2,200.00","2,136.00","2,129.00","2,138.00","2,144.40","2,169.44","2,695.00","1,753.00","17,79,015","3,85,94,61,434.50","50,234"
13-Apr-2026,EQ,"2,010.20","2,159.00","2,000.20","2,086.80","2,130.20","2,129.00","2,115.43","2,695.00","1,753.00","37,29,773","7,89,00,80,335.40","1,05,757"
10-Apr-2026,EQ,"2,043.10","2,094.60","2,041.70","2,040.50","2,087.20","2,086.80","2,076.69","2,695.00","1,753.00","17,00,162","3,53,07,03,587.60","55,344"
09-Apr-2026,EQ,"2,039.80","2,065.00","2,010.30","2,043.80","2,040.00","2,040.50","2,039.30","2,695.00","1,753.00","24,81,188","5,05,98,91,348.10","57,605"
08-Apr-2026,EQ,"2,000.00","2,099.00","1,975.10","1,882.10","2,044.90","2,043.80","2,031.33","2,695.00","1,753.00","41,97,831","8,52,71,95,411.70","1,13,934"
07-Apr-2026,EQ,"1,890.00","1,904.60","1,865.00","1,902.20","1,884.00","1,882.10","1,878.98","2,695.00","1,753.00","15,66,909","2,94,41,92,030.00","69,466"
06-Apr-2026,EQ,"1,836.90","1,909.00","1,802.10","1,834.20","1,899.50","1,902.20","1,857.26","2,695.00","1,753.00","31,53,437","5,85,67,48,075.50","1,10,565"
02-Apr-2026,EQ,"1,805.00","1,842.90","1,770.10","1,842.50","1,833.00","1,834.20","1,799.58","2,695.00","1,753.00","18,30,598","3,29,43,05,979.80","69,892"
01-Apr-2026,EQ,"1,825.00","1,870.00","1,803.80","1,758.80","1,841.90","1,842.50","1,844.29","2,695.00","1,753.00","23,28,166","4,29,38,10,919.90","65,838"
30-Mar-2026,EQ,"1,810.00","1,837.80","1,753.00","1,823.00","1,764.00","1,758.80","1,786.59","2,695.00","1,753.00","28,25,299","5,04,76,45,824.60","88,879"
27-Mar-2026,EQ,"1,880.00","1,883.20","1,816.50","1,886.60","1,824.00","1,823.00","1,835.51","2,695.00","1,813.70","25,85,257","4,74,52,52,722.10","74,139"
25-Mar-2026,EQ,"1,847.90","1,911.00","1,839.20","1,817.90","1,885.00","1,886.60","1,887.43","2,695.00","1,813.70","25,37,690","4,78,97,08,231.90","76,536"
24-Mar-2026,EQ,"1,892.70","1,893.00","1,813.70","1,833.00","1,825.20","1,817.90","1,830.21","2,695.00","1,813.70","1,12,11,381","20,51,91,61,045.70","1,43,289"
23-Mar-2026,EQ,"1,910.00","1,910.10","1,820.50","1,927.10","1,831.00","1,833.00","1,844.83","2,695.00","1,820.50","23,70,668","4,37,34,77,678.60","92,190"
20-Mar-2026,EQ,"1,951.00","1,974.40","1,919.90","1,936.80","1,928.90","1,927.10","1,944.09","2,695.00","1,848.00","11,75,662","2,28,55,89,933.80","44,164"
19-Mar-2026,EQ,"1,984.00","1,988.60","1,930.00","2,007.20","1,938.40","1,936.80","1,947.59","2,695.00","1,848.00","15,10,588","2,94,20,08,651.90","71,579"
18-Mar-2026,EQ,"1,988.90","2,027.00","1,982.20","1,975.40","2,008.00","2,007.20","2,011.93","2,695.00","1,848.00","10,41,095","2,09,46,08,371.70","53,221"
17-Mar-2026,EQ,"1,989.90","1,990.00","1,945.00","1,978.00","1,975.00","1,975.40","1,967.11","2,695.00","1,848.00","12,68,988","2,49,62,35,261.20","57,212"
16-Mar-2026,EQ,"1,961.00","1,994.80","1,946.60","1,961.10","1,970.00","1,978.00","1,967.81","2,695.00","1,848.00","14,65,828","2,88,44,66,564.00","60,264"
13-Mar-2026,EQ,"1,999.90","2,008.60","1,945.00","2,002.00","1,960.00","1,961.10","1,972.15","2,695.00","1,848.00","11,95,448","2,35,76,04,806.00","56,989"
12-Mar-2026,EQ,"1,960.00","2,026.00","1,947.10","1,974.70","2,000.30","2,002.00","1,996.59","2,695.00","1,848.00","14,73,773","2,94,25,27,760.30","72,297"
11-Mar-2026,EQ,"2,006.60","2,027.40","1,970.00","1,996.50","1,975.00","1,974.70","1,994.25","2,695.00","1,848.00","10,88,294","2,17,03,25,606.80","51,008"
10-Mar-2026,EQ,"2,030.00","2,030.00","1,982.20","1,999.20","2,002.00","1,996.50","1,996.85","2,695.00","1,848.00","16,80,405","3,35,55,10,314.70","71,660"
09-Mar-2026,EQ,"1,985.00","2,006.00","1,940.40","2,039.90","2,002.00","1,999.20","1,972.91","2,695.00","1,848.00","13,05,447","2,57,55,34,617.70","63,923"
06-Mar-2026,EQ,"2,079.10","2,090.00","2,030.20","2,089.20","2,042.60","2,039.90","2,059.54","2,695.00","1,848.00","16,96,027","3,49,30,27,690.50","59,225"
05-Mar-2026,EQ,"2,094.00","2,100.00","2,040.00","2,076.50","2,085.00","2,089.20","2,065.98","2,695.00","1,848.00","12,31,524","2,54,43,05,808.90","66,201"
04-Mar-2026,EQ,"2,104.60","2,104.60","2,037.50","2,124.60","2,070.00","2,076.50","2,064.28","2,695.00","1,848.00","15,85,848","3,27,36,37,042.20","86,583"
02-Mar-2026,EQ,"2,093.00","2,147.90","2,073.70","2,161.80","2,124.00","2,124.60","2,102.42","2,695.00","1,848.00","21,34,522","4,48,76,53,647.60","98,499"
27-Feb-2026,EQ,"2,210.00","2,216.40","2,153.00","2,216.40","2,157.00","2,161.80","2,172.76","2,695.00","1,848.00","14,33,096","3,11,37,71,484.90","39,471"
26-Feb-2026,EQ,"2,230.00","2,232.40","2,200.10","2,231.70","2,215.40","2,216.40","2,214.12","2,695.00","1,848.00","9,15,342","2,02,66,74,860.10","48,638"
25-Feb-2026,EQ,"2,193.20","2,237.30","2,180.10","2,183.00","2,225.00","2,231.70","2,210.01","2,695.00","1,848.00","14,74,187","3,25,79,67,789.70","63,011"
24-Feb-2026,EQ,"2,168.60","2,204.70","2,162.20","2,191.00","2,184.00","2,183.00","2,182.09","2,695.00","1,848.00","11,52,423","2,51,46,96,048.70","45,878"
23-Feb-2026,EQ,"2,180.00","2,203.00","2,155.30","2,160.80","2,186.70","2,191.00","2,185.30","2,695.00","1,848.00","11,03,960","2,41,24,82,216.60","41,831"
20-Feb-2026,EQ,"2,160.00","2,174.40","2,152.10","2,156.70","2,160.30","2,160.80","2,162.37","2,695.00","1,848.00","7,38,454","1,59,68,12,213.10","27,557"
19-Feb-2026,EQ,"2,218.90","2,218.90","2,151.00","2,211.20","2,159.00","2,156.70","2,175.25","2,695.00","1,848.00","11,01,633","2,39,63,28,183.10","51,782"
18-Feb-2026,EQ,"2,254.00","2,254.00","2,188.10","2,242.90","2,213.00","2,211.20","2,210.56","2,695.00","1,848.00","11,49,398","2,54,08,11,554.40","48,505"
17-Feb-2026,EQ,"2,170.00","2,252.00","2,170.00","2,184.60","2,244.40","2,242.90","2,218.44","2,695.00","1,848.00","19,31,699","4,28,53,61,223.50","62,075"
16-Feb-2026,EQ,"2,124.20","2,190.90","2,103.20","2,136.60","2,181.30","2,184.60","2,159.21","2,695.00","1,848.00","18,24,808","3,94,01,44,107.50","69,844"
13-Feb-2026,EQ,"2,210.00","2,210.00","2,124.20","2,211.80","2,127.00","2,136.60","2,153.02","2,695.00","1,848.00","14,89,548","3,20,70,19,459.60","57,301"
12-Feb-2026,EQ,"2,229.00","2,229.50","2,201.00","2,234.40","2,209.00","2,211.80","2,210.84","2,695.00","1,848.00","6,49,585","1,43,61,29,210.70","33,140"
11-Feb-2026,EQ,"2,232.90","2,237.70","2,215.10","2,228.40","2,230.00","2,234.40","2,229.57","2,695.00","1,848.00","6,82,320","1,52,12,78,632.70","30,700"
10-Feb-2026,EQ,"2,259.00","2,268.30","2,171.00","2,250.10","2,227.30","2,228.40","2,225.16","2,695.00","1,848.00","16,70,672","3,71,75,08,473.90","72,035"
09-Feb-2026,EQ,"2,250.00","2,288.00","2,240.00","2,226.40","2,250.40","2,250.10","2,261.50","2,695.00","1,848.00","16,50,899","3,73,35,14,090.10","50,286"
06-Feb-2026,EQ,"2,226.10","2,238.00","2,200.40","2,236.60","2,219.00","2,226.40","2,221.02","2,695.00","1,848.00","9,33,650","2,07,36,53,676.90","37,449"
05-Feb-2026,EQ,"2,232.00","2,243.70","2,210.00","2,228.20","2,232.60","2,236.60","2,224.95","2,695.00","1,848.00","9,92,382","2,20,79,95,419.70","42,025"
04-Feb-2026,EQ,"2,220.00","2,246.00","2,189.20","2,202.60","2,225.00","2,228.20","2,218.87","2,695.00","1,848.00","20,51,918","4,55,29,35,775.60","71,644"
03-Feb-2026,EQ,"2,150.00","2,233.40","2,131.10","1,995.40","2,206.50","2,202.60","2,201.97","2,695.00","1,848.00","69,18,581","15,23,45,26,951.80","2,39,268"
02-Feb-2026,EQ,"1,956.60","2,002.20","1,934.00","1,942.80","1,995.00","1,995.40","1,967.79","2,695.00","1,848.00","12,29,270","2,41,89,39,814.60","61,151"
01-Feb-2026,EQ,"2,021.00","2,039.80","1,931.00","2,020.40","1,937.80","1,942.80","1,981.17","2,695.00","1,848.00","18,02,165","3,57,03,97,922.40","61,214"
30-Jan-2026,EQ,"2,005.00","2,038.80","1,992.20","2,019.20","2,020.00","2,020.40","2,022.61","2,695.00","1,848.00","12,30,915","2,48,96,56,721.10","52,794"
29-Jan-2026,EQ,"1,999.80","2,029.10","1,972.00","1,994.70","2,016.00","2,019.20","1,999.01","2,695.00","1,848.00","13,91,239","2,78,11,03,948.90","52,774"
28-Jan-2026,EQ,"1,985.00","2,004.00","1,952.00","1,959.50","1,995.00","1,994.70","1,983.29","2,695.00","1,848.00","20,73,198","4,11,17,49,269.90","64,566"
27-Jan-2026,EQ,"1,909.00","1,973.90","1,893.00","1,864.20","1,963.00","1,959.50","1,946.17","2,695.00","1,848.00","54,49,633","10,60,59,29,779.20","1,75,711"
23-Jan-2026,EQ,"2,080.50","2,082.50","1,848.00","2,086.40","1,861.80","1,864.20","1,920.06","2,695.00","1,848.00","74,92,631","14,38,62,85,453.90","2,29,436"
22-Jan-2026,EQ,"2,055.90","2,102.90","2,051.00","2,032.20","2,088.20","2,086.40","2,080.73","2,695.00","2,004.10","9,42,721","1,96,15,48,877.80","39,536"
21-Jan-2026,EQ,"2,056.50","2,068.20","2,004.10","2,055.10","2,038.00","2,032.20","2,040.55","2,695.00","2,004.10","13,54,644","2,76,42,14,775.70","54,963"
20-Jan-2026,EQ,"2,134.00","2,139.90","2,040.00","2,134.60","2,050.00","2,055.10","2,088.47","2,695.00","2,026.55","11,60,975","2,42,46,65,708.80","53,992"
19-Jan-2026,EQ,"2,155.00","2,156.80","2,123.00","2,157.30","2,129.00","2,134.60","2,138.36","2,695.00","2,026.55","7,49,495","1,60,26,92,300.40","34,175"
16-Jan-2026,EQ,"2,162.80","2,193.90","2,152.10","2,153.30","2,159.00","2,157.30","2,173.47","2,695.00","2,026.55","7,58,469","1,64,85,08,019.20","35,470"
14-Jan-2026,EQ,"2,156.00","2,169.00","2,142.00","2,158.50","2,152.00","2,153.30","2,156.29","2,695.00","2,026.55","6,18,139","1,33,28,87,920.50","31,911"
13-Jan-2026,EQ,"2,187.80","2,187.80","2,141.10","2,171.60","2,156.50","2,158.50","2,162.56","2,695.00","2,026.55","7,91,556","1,71,17,88,642.40","32,648"
12-Jan-2026,EQ,"2,156.60","2,180.00","2,119.00","2,153.70","2,177.00","2,171.60","2,150.41","2,695.00","2,026.55","12,57,197","2,70,34,91,657.30","53,143"
09-Jan-2026,EQ,"2,214.10","2,216.00","2,145.00","2,214.00","2,156.60","2,153.70","2,173.43","2,695.00","2,026.55","15,70,376","3,41,31,02,409.40","64,331"
08-Jan-2026,EQ,"2,275.00","2,275.90","2,205.00","2,274.10","2,209.30","2,214.00","2,230.97","2,695.00","2,026.55","7,92,800","1,76,87,15,615.60","38,536"
07-Jan-2026,EQ,"2,265.00","2,284.00","2,243.00","2,259.10","2,271.90","2,274.10","2,267.55","2,695.00","2,026.55","5,29,451","1,20,05,59,135.40","28,649"
06-Jan-2026,EQ,"2,288.90","2,290.40","2,248.10","2,279.50","2,262.00","2,259.10","2,266.66","2,695.00","2,026.55","6,98,294","1,58,27,97,672.40","30,388"
05-Jan-2026,EQ,"2,287.00","2,303.90","2,274.30","2,279.80","2,279.00","2,279.50","2,285.62","2,695.00","2,026.55","6,96,380","1,59,16,61,792.20","35,281"
02-Jan-2026,EQ,"2,260.00","2,283.70","2,259.00","2,260.00","2,278.00","2,279.80","2,273.24","2,695.00","2,026.55","7,15,242","1,62,59,13,975.60","31,529"
01-Jan-2026,EQ,"2,249.00","2,287.40","2,241.00","2,239.70","2,254.40","2,260.00","2,265.77","2,695.00","2,026.55","10,46,220","2,37,04,92,761.60","44,508"
31-Dec-2025,EQ,"2,216.30","2,246.40","2,216.30","2,214.70","2,239.00","2,239.70","2,234.92","2,695.00","2,026.55","7,79,141","1,74,13,21,327.40","26,919"
30-Dec-2025,EQ,"2,204.80","2,219.00","2,195.00","2,203.20","2,215.80","2,214.70","2,209.11","2,695.00","2,026.55","9,35,026","2,06,55,78,919.20","45,283"
29-Dec-2025,EQ,"2,232.00","2,238.20","2,196.00","2,229.90","2,201.00","2,203.20","2,214.63","2,695.00","2,026.55","6,90,691","1,52,96,24,287.80","27,113"
26-Dec-2025,EQ,"2,229.30","2,250.90","2,218.00","2,222.70","2,231.00","2,229.90","2,235.41","2,695.00","2,026.55","5,66,237","1,26,57,71,289.40","24,388"
24-Dec-2025,EQ,"2,250.00","2,258.80","2,217.40","2,248.80","2,218.00","2,222.70","2,238.00","2,695.00","2,026.55","8,25,693","1,84,79,03,492.60","27,346"
23-Dec-2025,EQ,"2,272.50","2,273.60","2,245.00","2,263.50","2,246.70","2,248.80","2,256.97","2,695.00","2,026.55","4,50,112","1,01,58,91,130.10","23,215"
22-Dec-2025,EQ,"2,260.00","2,274.00","2,245.90","2,239.00","2,261.00","2,263.50","2,262.46","2,695.00","2,026.55","5,99,195","1,35,56,54,772.10","28,721"
19-Dec-2025,EQ,"2,249.00","2,250.00","2,210.00","2,229.30","2,243.90","2,239.00","2,230.79","2,695.00","2,026.55","8,80,005","1,96,31,05,928.60","31,918"
18-Dec-2025,EQ,"2,236.40","2,245.00","2,211.10","2,232.50","2,228.20","2,229.30","2,230.17","2,695.00","2,026.55","5,08,238","1,13,34,59,577.00","25,318"
17-Dec-2025,EQ,"2,247.60","2,255.00","2,221.00","2,247.90","2,232.00","2,232.50","2,234.72","2,695.00","2,026.55","6,51,509","1,45,59,41,593.40","34,504"
16-Dec-2025,EQ,"2,270.00","2,276.80","2,232.10","2,278.90","2,242.00","2,247.90","2,248.44","2,695.00","2,026.55","6,54,714","1,47,20,87,723.50","34,760"
15-Dec-2025,EQ,"2,282.40","2,300.00","2,273.00","2,282.40","2,280.00","2,278.90","2,284.25","2,695.00","2,026.55","5,73,027","1,30,89,37,776.50","29,762"
12-Dec-2025,EQ,"2,277.70","2,296.80","2,270.20","2,277.70","2,284.00","2,282.40","2,282.72","2,695.00","2,026.55","9,29,199","2,12,10,97,905.50","31,417"
11-Dec-2025,EQ,"2,225.00","2,293.90","2,192.40","2,211.60","2,270.20","2,277.70","2,255.58","2,695.00","2,026.55","15,19,832","3,42,80,97,974.70","52,376"
10-Dec-2025,EQ,"2,255.80","2,267.50","2,204.10","2,245.20","2,213.90","2,211.60","2,239.02","2,695.00","2,026.55","9,35,149","2,09,38,15,467.20","37,803"
09-Dec-2025,EQ,"2,216.20","2,257.00","2,178.40","2,216.20","2,250.00","2,245.20","2,226.67","2,695.00","2,026.55","12,27,728","2,73,37,43,787.50","51,676"
08-Dec-2025,EQ,"2,265.40","2,270.40","2,205.00","2,265.40","2,212.00","2,216.20","2,229.82","2,695.00","2,026.55","9,39,764","2,09,55,07,637.40","43,380"
05-Dec-2025,EQ,"2,217.90","2,268.60","2,202.90","2,217.90","2,263.00","2,265.40","2,240.36","2,695.00","2,026.55","24,00,781","5,37,86,17,390.10","67,680"
04-Dec-2025,EQ,"2,188.00","2,231.70","2,183.40","2,189.80","2,216.80","2,217.90","2,212.67","2,695.00","2,026.55","25,22,821","5,58,21,64,676.50","67,347"
03-Dec-2025,EQ,"2,240.00","2,245.00","2,172.20","2,239.60","2,191.60","2,189.80","2,204.17","2,695.00","2,026.55","16,43,852","3,62,33,24,401.50","63,240"
02-Dec-2025,EQ,"2,255.00","2,267.20","2,232.20","2,262.00","2,239.00","2,239.60","2,244.60","2,695.00","2,026.55","10,35,354","2,32,39,54,576.80","46,209"
01-Dec-2025,EQ,"2,300.00","2,304.00","2,257.00","2,280.20","2,259.90","2,262.00","2,277.13","2,695.00","2,026.55","13,13,265","2,99,04,80,473.90","42,480"
28-Nov-2025,EQ,"2,267.10","2,331.00","2,247.80","2,255.00","2,282.00","2,280.20","2,295.96","2,695.00","2,026.55","30,37,620","6,97,42,39,041.90","86,014"
27-Nov-2025,EQ,"2,310.00","2,320.50","2,243.00","2,315.00","2,249.00","2,255.00","2,283.07","2,695.00","2,026.55","14,74,038","3,36,53,31,849.20","61,990"
26-Nov-2025,EQ,"2,321.20","2,357.00","2,310.00","2,332.90","2,313.90","2,315.00","2,334.95","2,695.00","2,026.55","10,26,965","2,39,79,08,624.00","47,392"
25-Nov-2025,EQ,"2,400.90","2,407.70","2,325.30","2,399.20","2,329.40","2,332.90","2,364.69","2,695.00","2,026.55","22,23,715","5,25,84,03,085.60","69,285"
24-Nov-2025,EQ,"2,426.20","2,432.30","2,393.10","2,422.30","2,398.90","2,399.20","2,409.75","2,695.00","2,026.55","6,91,419","1,66,61,49,264.10","32,464"
21-Nov-2025,EQ,"2,450.00","2,456.20","2,418.00","2,446.10","2,419.00","2,422.30","2,433.91","2,894.80","2,025.00","5,47,541","1,33,26,68,218.70","23,006"
20-Nov-2025,EQ,"2,450.10","2,478.90","2,440.40","2,433.10","2,448.00","2,446.10","2,456.68","2,894.80","2,025.00","15,26,556","3,75,02,63,987.40","49,383"
19-Nov-2025,EQ,"2,446.50","2,449.90","2,413.90","2,436.80","2,431.00","2,433.10","2,432.60","2,894.80","2,025.00","7,74,785","1,88,47,45,679.40","29,152"
18-Nov-2025,EQ,"2,462.00","2,478.60","2,434.30","2,462.00","2,439.00","2,436.80","2,448.31","2,894.80","2,025.00","12,45,215","3,04,86,73,912.00","33,053"
17-Nov-2025,EQ,"2,460.00","2,474.90","2,421.00","2,516.80","2,466.80","2,462.00","2,448.66","2,894.80","2,025.00","26,72,697","6,54,45,36,467.50","64,529"
14-Nov-2025,EQ,"2,500.00","2,553.70","2,481.00","2,488.20","2,524.10","2,516.80","2,524.48","2,946.80","2,025.00","44,96,233","11,35,06,71,383.90","98,231"
13-Nov-2025,EQ,"2,502.00","2,525.00","2,468.10","2,484.50","2,488.00","2,488.20","2,495.26","2,946.80","2,025.00","27,06,326","6,75,29,80,013.60","69,562"
12-Nov-2025,EQ,"2,384.00","2,517.50","2,361.00","2,366.80","2,485.20","2,484.50","2,468.19","2,946.80","2,025.00","66,85,426","16,50,08,94,714.80","1,66,963"
11-Nov-2025,EQ,"2,368.00","2,378.90","2,338.50","2,370.70","2,370.20","2,366.80","2,359.28","2,946.80","2,025.00","6,34,172","1,49,61,88,771.40","33,161"
10-Nov-2025,EQ,"2,380.90","2,388.00","2,364.00","2,369.40","2,365.00","2,370.70","2,374.43","2,946.80","2,025.00","5,59,808","1,32,92,23,859.00","30,696"
07-Nov-2025,EQ,"2,315.00","2,402.50","2,291.40","2,314.30","2,374.80","2,369.40","2,362.99","3,070.00","2,025.00","22,32,889","5,27,63,03,005.00","69,168"
06-Nov-2025,EQ,"2,425.10","2,427.10","2,307.60","2,419.80","2,311.00","2,314.30","2,346.40","3,070.00","2,025.00","19,78,147","4,64,15,23,864.70","87,565"
04-Nov-2025,EQ,"2,479.80","2,488.90","2,390.60","2,467.00","2,399.90","2,419.80","2,433.37","3,070.00","2,025.00","20,72,668","5,04,35,62,855.60","77,117"
03-Nov-2025,EQ,"2,484.00","2,501.90","2,457.50","2,481.00","2,469.50","2,467.00","2,476.60","3,070.00","2,025.00","7,31,108","1,81,06,59,105.80","36,644"
31-Oct-2025,EQ,"2,535.00","2,543.50","2,464.90","2,526.90","2,474.90","2,481.00","2,506.83","3,070.00","2,025.00","8,48,642","2,12,74,02,097.60","36,750"
30-Oct-2025,EQ,"2,550.00","2,559.40","2,511.80","2,537.40","2,528.80","2,526.90","2,533.16","3,070.00","2,025.00","7,83,328","1,98,42,94,787.60","30,911"
29-Oct-2025,EQ,"2,500.00","2,600.00","2,495.50","2,494.40","2,553.50","2,537.40","2,557.11","3,070.00","2,025.00","15,26,734","3,90,40,26,893.40","63,774"
28-Oct-2025,EQ,"2,495.00","2,516.00","2,479.10","2,492.80","2,499.00","2,494.40","2,497.36","3,070.00","2,025.00","6,26,988","1,56,58,15,693.80","43,588"
27-Oct-2025,EQ,"2,504.20","2,514.60","2,487.10","2,504.20","2,490.00","2,492.80","2,498.12","3,070.00","2,025.00","4,78,055","1,19,42,37,293.50","28,241"
24-Oct-2025,EQ,"2,554.80","2,554.80","2,497.70","2,545.80","2,505.70","2,504.20","2,517.27","3,070.00","2,025.00","4,73,765","1,19,25,95,456.20","26,841"
23-Oct-2025,EQ,"2,559.90","2,577.80","2,540.90","2,549.90","2,544.90","2,545.80","2,561.59","3,070.00","2,025.00","8,52,445","2,18,36,17,021.70","28,965"
21-Oct-2025,EQ,"2,554.90","2,562.00","2,542.30","2,548.10","2,548.50","2,549.90","2,552.61","3,070.00","2,025.00","1,01,019","25,78,62,525.50","5,843"
20-Oct-2025,EQ,"2,561.30","2,579.00","2,537.10","2,549.40","2,550.00","2,548.10","2,555.35","3,070.00","2,025.00","7,47,349","1,90,97,40,577.40","36,293"
17-Oct-2025,EQ,"2,560.00","2,577.20","2,543.10","2,557.60","2,545.00","2,549.40","2,557.23","3,150.10","2,025.00","6,82,968","1,74,65,08,360.50","28,888"
16-Oct-2025,EQ,"2,544.80","2,579.70","2,540.90","2,532.80","2,554.50","2,557.60","2,563.43","3,150.10","2,025.00","10,20,102","2,61,49,60,858.80","36,921"
15-Oct-2025,EQ,"2,535.00","2,561.40","2,527.30","2,517.00","2,538.80","2,532.80","2,542.20","3,150.10","2,025.00","7,59,772","1,93,14,94,102.20","32,585"
14-Oct-2025,EQ,"2,538.90","2,538.90","2,485.20","2,527.40","2,519.00","2,517.00","2,510.23","3,150.10","2,025.00","6,73,048","1,68,95,08,401.40","30,957"
13-Oct-2025,EQ,"2,529.10","2,542.10","2,504.00","2,550.90","2,523.50","2,527.40","2,523.35","3,150.10","2,025.00","6,45,483","1,62,87,82,145.00","28,683"
10-Oct-2025,EQ,"2,552.00","2,565.00","2,538.80","2,542.40","2,542.10","2,550.90","2,552.39","3,211.00","2,025.00","6,90,142","1,76,15,12,977.80","30,769"
09-Oct-2025,EQ,"2,535.00","2,559.00","2,522.20","2,524.10","2,547.00","2,542.40","2,544.74","3,211.00","2,025.00","6,51,703","1,65,84,13,980.20","28,591"
08-Oct-2025,EQ,"2,562.00","2,565.00","2,500.00","2,542.20","2,525.00","2,524.10","2,524.68","3,211.00","2,025.00","10,63,357","2,68,46,38,963.00","40,794"
07-Oct-2025,EQ,"2,580.70","2,617.30","2,533.10","2,573.50","2,556.50","2,542.20","2,579.42","3,211.00","2,025.00","11,20,230","2,88,95,48,494.10","48,731"
06-Oct-2025,EQ,"2,589.10","2,599.80","2,562.60","2,589.90","2,573.00","2,573.50","2,575.41","3,211.00","2,025.00","6,54,955","1,68,67,80,114.40","29,063"
03-Oct-2025,EQ,"2,595.00","2,612.90","2,564.40","2,592.70","2,586.10","2,589.90","2,588.49","3,211.00","2,025.00","9,17,651","2,37,53,28,265.00","37,872"
01-Oct-2025,EQ,"2,518.40","2,603.40","2,472.10","2,505.90","2,594.30","2,592.70","2,534.70","3,211.00","2,025.00","15,73,485","3,98,83,12,895.90","57,732"
30-Sep-2025,EQ,"2,522.00","2,535.00","2,490.60","2,509.50","2,509.00","2,505.90","2,512.97","3,211.00","2,025.00","7,12,592","1,79,07,19,447.80","38,461"
29-Sep-2025,EQ,"2,543.70","2,555.00","2,505.00","2,543.70","2,521.00","2,509.50","2,528.21","3,211.00","2,025.00","10,12,402","2,55,95,63,054.80","48,219"
26-Sep-2025,EQ,"2,572.80","2,605.00","2,535.00","2,576.40","2,535.60","2,543.70","2,570.86","3,211.00","2,025.00","10,37,808","2,66,80,58,103.20","46,432"
25-Sep-2025,EQ,"2,625.00","2,647.90","2,567.00","2,619.80","2,573.30","2,576.40","2,608.32","3,211.00","2,025.00","14,89,682","3,88,55,60,965.20","50,400"
24-Sep-2025,EQ,"2,655.00","2,676.00","2,614.40","2,676.40","2,624.00","2,619.80","2,647.88","3,211.00","2,025.00","17,20,785","4,55,64,38,133.60","60,770"
23-Sep-2025,EQ,"2,642.60","2,695.00","2,593.00","2,629.50","2,666.00","2,676.40","2,665.79","3,211.00","2,025.00","56,10,022","14,95,51,50,460.50","1,67,336"
22-Sep-2025,EQ,"2,535.00","2,659.00","2,522.10","2,524.00","2,624.50","2,629.50","2,615.49","3,211.00","2,025.00","70,22,985","18,36,85,42,067.50","2,00,598"
19-Sep-2025,EQ,"2,495.00","2,579.00","2,466.10","2,402.00","2,528.00","2,524.00","2,520.01","3,211.00","2,025.00","79,65,135","20,07,22,48,387.70","2,38,677"
18-Sep-2025,EQ,"2,414.50","2,438.00","2,388.40","2,402.00","2,402.00","2,402.00","2,409.55","3,211.00","2,025.00","7,03,730","1,69,56,70,672.20","35,404"
17-Sep-2025,EQ,"2,417.00","2,417.00","2,391.00","2,399.40","2,408.00","2,402.00","2,402.50","3,211.00","2,025.00","5,14,354","1,23,57,34,218.70","30,311"
16-Sep-2025,EQ,"2,410.00","2,415.80","2,388.00","2,383.40","2,401.00","2,399.40","2,398.04","3,211.00","2,025.00","7,52,979","1,80,56,72,317.40","33,207"
15-Sep-2025,EQ,"2,392.00","2,402.80","2,378.10","2,392.00","2,381.00","2,383.40","2,389.59","3,211.00","2,025.00","2,98,129","71,24,05,119.00","20,087"
12-Sep-2025,EQ,"2,416.90","2,421.60","2,387.10","2,398.80","2,389.00","2,392.00","2,403.95","3,211.00","2,025.00","5,33,971","1,28,36,38,080.00","27,629"
11-Sep-2025,EQ,"2,348.00","2,418.70","2,340.20","2,340.20","2,408.00","2,398.80","2,394.03","3,211.00","2,025.00","21,11,888","5,05,59,16,547.10","91,785"
10-Sep-2025,EQ,"2,330.00","2,345.90","2,325.10","2,311.60","2,340.80","2,340.20","2,337.73","3,211.00","2,025.00","3,90,490","91,28,61,255.60","26,122"
09-Sep-2025,EQ,"2,320.00","2,325.00","2,297.00","2,310.90","2,313.80","2,311.60","2,312.02","3,211.00","2,025.00","3,69,431","85,41,30,058.50","25,802"
08-Sep-2025,EQ,"2,290.00","2,333.90","2,286.00","2,281.40","2,319.00","2,310.90","2,317.98","3,211.00","2,025.00","5,42,811","1,25,82,25,214.30","33,564"
05-Sep-2025,EQ,"2,275.00","2,293.50","2,248.00","2,278.80","2,282.50","2,281.40","2,273.81","3,211.00","2,025.00","4,43,010","1,00,73,21,887.50","28,096"
04-Sep-2025,EQ,"2,309.90","2,317.30","2,275.00","2,288.70","2,280.00","2,278.80","2,291.33","3,211.00","2,025.00","3,92,697","89,97,99,540.00","29,912"
03-Sep-2025,EQ,"2,285.00","2,293.00","2,263.10","2,274.20","2,292.00","2,288.70","2,279.50","3,211.00","2,025.00","4,43,629","1,01,12,51,185.30","28,773"
02-Sep-2025,EQ,"2,291.00","2,302.00","2,264.00","2,284.20","2,278.00","2,274.20","2,283.41","3,211.00","2,025.00","4,81,894","1,10,03,61,913.10","37,899"
01-Sep-2025,EQ,"2,259.00","2,288.00","2,252.10","2,244.70","2,286.60","2,284.20","2,274.83","3,211.00","2,025.00","4,25,639","96,82,57,145.60","29,502"
29-Aug-2025,EQ,"2,283.00","2,289.70","2,240.00","2,275.20","2,247.90","2,244.70","2,257.72","3,211.00","2,025.00","7,95,699","1,79,64,67,753.50","50,217"
28-Aug-2025,EQ,"2,271.90","2,327.90","2,255.00","2,272.00","2,282.10","2,275.20","2,295.19","3,211.00","2,025.00","9,07,868","2,08,37,29,401.30","55,327"
26-Aug-2025,EQ,"2,304.00","2,309.30","2,249.40","2,302.90","2,286.00","2,272.00","2,271.65","3,211.00","2,025.00","10,71,550","2,43,41,85,935.90","49,449"
25-Aug-2025,EQ,"2,335.70","2,348.40","2,300.00","2,324.90","2,302.80","2,302.90","2,317.89","3,211.00","2,025.00","5,42,455","1,25,73,53,106.10","28,277"
22-Aug-2025,EQ,"2,369.90","2,376.30","2,321.00","2,377.20","2,323.00","2,324.90","2,338.18","3,211.00","2,025.00","5,84,211","1,36,59,92,606.00","34,341"
21-Aug-2025,EQ,"2,387.10","2,397.00","2,371.40","2,387.10","2,373.00","2,377.20","2,384.83","3,211.00","2,025.00","4,41,867","1,05,37,78,241.00","24,817"
20-Aug-2025,EQ,"2,380.00","2,406.00","2,372.10","2,388.40","2,391.00","2,387.10","2,389.93","3,211.00","2,025.00","7,80,025","1,86,42,08,978.30","34,030"
19-Aug-2025,EQ,"2,339.90","2,395.60","2,314.10","2,333.60","2,380.70","2,388.40","2,368.18","3,211.00","2,025.00","10,69,432","2,53,26,11,818.70","58,469"
18-Aug-2025,EQ,"2,309.60","2,360.00","2,300.00","2,281.60","2,325.50","2,333.60","2,339.34","3,211.00","2,025.00","9,88,629","2,31,27,43,728.00","45,655"
14-Aug-2025,EQ,"2,288.00","2,304.00","2,267.70","2,280.10","2,280.10","2,281.60","2,285.60","3,211.00","2,025.00","9,98,109","2,28,12,82,532.50","39,420"
13-Aug-2025,EQ,"2,299.00","2,314.90","2,245.40","2,288.20","2,287.00","2,280.10","2,278.92","3,211.00","2,025.00","8,33,679","1,89,98,84,902.70","42,397"
12-Aug-2025,EQ,"2,280.10","2,314.70","2,267.00","2,283.40","2,294.50","2,288.20","2,290.14","3,211.00","2,025.00","10,75,526","2,46,31,07,533.50","61,725"
11-Aug-2025,EQ,"2,196.00","2,302.00","2,183.00","2,178.10","2,270.20","2,283.40","2,257.64","3,211.00","2,025.00","23,76,286","5,36,48,00,460.40","1,18,272"
08-Aug-2025,EQ,"2,247.00","2,260.90","2,164.80","2,249.80","2,179.00","2,178.10","2,185.27","3,242.65","2,025.00","25,52,736","5,57,84,04,691.30","1,01,023"
07-Aug-2025,EQ,"2,290.00","2,295.00","2,202.80","2,300.30","2,245.90","2,249.80","2,244.12","3,242.65","2,025.00","15,29,410","3,43,21,83,084.70","72,389"
06-Aug-2025,EQ,"2,333.90","2,347.90","2,296.00","2,328.20","2,300.00","2,300.30","2,311.60","3,242.65","2,025.00","6,31,582","1,45,99,65,783.80","35,196"
05-Aug-2025,EQ,"2,370.00","2,370.00","2,316.00","2,363.60","2,333.00","2,328.20","2,333.43","3,242.65","2,025.00","5,76,742","1,34,57,85,609.30","36,761"
04-Aug-2025,EQ,"2,360.00","2,374.70","2,338.20","2,350.90","2,364.70","2,363.60","2,358.52","3,242.65","2,025.00","5,76,426","1,35,95,14,762.40","35,680"
01-Aug-2025,EQ,"2,425.00","2,444.90","2,333.00","2,430.70","2,341.50","2,350.90","2,387.30","3,258.00","2,025.00","9,76,341","2,33,08,21,711.40","50,438"
31-Jul-2025,EQ,"2,509.90","2,520.00","2,422.60","2,532.90","2,430.00","2,430.70","2,466.47","3,258.00","2,025.00","14,57,616","3,59,51,67,944.00","74,728"
30-Jul-2025,EQ,"2,547.90","2,552.60","2,525.00","2,547.90","2,527.00","2,532.90","2,541.06","3,258.00","2,025.00","2,62,063","66,59,16,830.10","22,733"
29-Jul-2025,EQ,"2,529.00","2,557.40","2,507.50","2,522.30","2,545.50","2,547.90","2,534.72","3,258.00","2,025.00","4,24,781","1,07,67,00,049.20","32,528"
28-Jul-2025,EQ,"2,549.00","2,585.00","2,512.60","2,550.10","2,528.00","2,522.30","2,545.55","3,258.00","2,025.00","4,28,409","1,09,05,36,114.10","33,834"
25-Jul-2025,EQ,"2,605.00","2,617.00","2,544.10","2,608.40","2,549.50","2,550.10","2,568.46","3,258.00","2,025.00","4,24,612","1,09,05,98,540.70","30,247"
24-Jul-2025,EQ,"2,615.40","2,624.20","2,595.00","2,614.50","2,608.00","2,608.40","2,607.65","3,258.00","2,025.00","2,53,782","66,17,75,799.00","22,026"
23-Jul-2025,EQ,"2,600.70","2,625.90","2,593.50","2,587.80","2,615.50","2,614.50","2,612.73","3,258.00","2,025.00","3,16,424","82,67,31,600.80","24,447"
22-Jul-2025,EQ,"2,626.00","2,630.00","2,581.60","2,619.50","2,593.90","2,587.80","2,599.99","3,258.00","2,025.00","3,87,055","1,00,63,40,863.60","25,897"
21-Jul-2025,EQ,"2,596.30","2,624.90","2,585.00","2,596.10","2,615.70","2,619.50","2,612.22","3,258.00","2,025.00","3,69,782","96,59,53,134.90","28,077"
18-Jul-2025,EQ,"2,612.00","2,626.70","2,584.20","2,616.60","2,594.20","2,596.10","2,599.80","3,258.00","2,025.00","4,79,942","1,24,77,52,864.90","32,389"
17-Jul-2025,EQ,"2,612.00","2,654.50","2,605.30","2,608.50","2,614.90","2,616.60","2,628.55","3,258.00","2,025.00","7,85,771","2,06,54,38,554.40","43,962"
16-Jul-2025,EQ,"2,602.50","2,619.50","2,595.50","2,598.20","2,608.20","2,608.50","2,610.55","3,258.00","2,025.00","6,86,644","1,79,25,15,079.70","37,057"
15-Jul-2025,EQ,"2,588.00","2,606.90","2,576.00","2,581.30","2,603.10","2,598.20","2,593.15","3,258.00","2,025.00","3,79,425","98,39,07,052.20","24,377"